Actual,Predicted,Residual,Absolute_Error
0.4245407122300206,0.42768863,-0.0031479162051142873,0.0031479162051142873
0.1767945891538118,0.15691419,0.019880399695918427,0.019880399695918427
0.550664295197146,0.54503113,0.005633164883272701,0.005633164883272701
0.4703343797167455,0.37370488,0.0966294992407476,0.0966294992407476
0.2575452607315194,0.1915892,0.06595605427438134,0.06595605427438134
0.1187358672584708,0.26998138,-0.15124551701887295,0.15124551701887295
0.3508492368197614,0.27727965,0.07356959161521731,0.07356959161521731
0.3006760476898067,0.39999703,-0.099320978038419,0.099320978038419
0.3938567428421704,0.44095334,-0.04709660126450377,0.04709660126450377
0.3144805564740722,0.309379,0.005101545081478809,0.005101545081478809
0.0404238565424983,0.13542429,-0.09500042958459215,0.09500042958459215
0.3102755102831402,0.4390037,-0.12872819569525334,0.12872819569525334
0.3240634814886145,0.27319515,0.05086833397427126,0.05086833397427126
0.4806101707956765,0.3744896,0.10612056536888814,0.10612056536888814
0.2586333875648251,0.31601793,-0.05738453817446321,0.05738453817446321
0.6547791122287612,0.6722413,-0.017462158313383602,0.017462158313383602
0.0563932415580404,0.17376685,-0.1173736098671305,0.1173736098671305
0.5935279163004374,0.4646447,0.12888321601166486,0.12888321601166486
0.3376135048536492,0.27934495,0.05826855870763786,0.05826855870763786
0.5182641453905927,0.4211979,0.09706625415524117,0.09706625415524117
0.3883002473431222,0.5348018,-0.14650153383439857,0.14650153383439857
0.5649259226709116,0.48431057,0.08061535529191377,0.08061535529191377
0.3104396725745314,0.40121052,-0.09077084411667646,0.09077084411667646
0.191896595803698,0.2434183,-0.05152171030859143,0.05152171030859143
0.6117507145451772,0.5541005,0.0576502010869252,0.0576502010869252
0.3560865590196431,0.263644,0.09244254919107558,0.09244254919107558
0.4119264122707018,0.5224284,-0.11050198109325082,0.11050198109325082
0.5807919856741325,0.39702243,0.18376955954574503,0.18376955954574503
0.2030074596509275,0.34924462,-0.1462371647253695,0.1462371647253695
0.4742484829398763,0.37370667,0.10054181432453513,0.10054181432453513
0.2766842072561849,0.32697257,-0.05028836673940529,0.05028836673940529
0.3529717740592714,0.2716738,0.08129797549817519,0.08129797549817519
0.3870464942307148,0.43907163,-0.05202513124040031,0.05202513124040031
0.1249630230921773,0.35558188,-0.2306188565236064,0.2306188565236064
0.2451938261965942,0.18548577,0.05970806085865016,0.05970806085865016
0.6001788154021899,0.5860057,0.014173127688566822,0.014173127688566822
0.5226985314307993,0.45898598,0.06371254710539032,0.06371254710539032
0.3645600704454609,0.26191202,0.1026480523847767,0.1026480523847767
0.4155205764188155,0.47797287,-0.06245228868585978,0.06245228868585978
0.3259595823939237,0.21704113,0.10891844755963415,0.10891844755963415
0.6010972309713304,0.52434146,0.07675576692866681,0.07675576692866681
0.3416079037009727,0.34266827,-0.0010603614033211084,0.0010603614033211084
0.4136403486891413,0.38290542,0.030734925047936457,0.030734925047936457
0.5660050240236776,0.646182,-0.08017697661337686,0.08017697661337686
0.2454380858590155,0.36855206,-0.12311397307614991,0.12311397307614991
0.634798197416149,0.43934873,0.19544946995147305,0.19544946995147305
0.1199230983761038,0.14391164,-0.023988546440294814,0.023988546440294814
0.6466070218521331,0.56097203,0.08563498692095028,0.08563498692095028
0.3128874026746709,0.33548242,-0.02259501586246898,0.02259501586246898
0.3345502086957864,0.40673155,-0.07218133722935399,0.07218133722935399
0.0599983048028428,0.11370004,-0.05370173488192969,0.05370173488192969
0.2992008804370512,0.40811148,-0.10891060242160666,0.10891060242160666
0.2016989114955192,0.2919176,-0.09021868079154441,0.09021868079154441
0.2737256091044212,0.2547535,0.018972108881261385,0.018972108881261385
0.3521148390351868,0.4421525,-0.09003766111740108,0.09003766111740108
0.5346319357454844,0.33457744,0.20005449452996926,0.20005449452996926
0.409600558566771,0.5268564,-0.11725586385754538,0.11725586385754538
0.426279442233519,0.20908062,0.21719882063336793,0.21719882063336793
0.1924134351924063,0.26479995,-0.07238651731461274,0.07238651731461274
0.2282076517328783,0.21924074,0.008966911791281312,0.008966911791281312
0.6747875030585522,0.7289789,-0.05419136924064216,0.05419136924064216
0.2524664942061256,0.28654522,-0.034078722831075325,0.034078722831075325
0.651034708676216,0.61518025,0.0358544546936721,0.0358544546936721
0.3344898001865222,0.4314247,-0.09693490698777896,0.09693490698777896
0.375381322690584,0.41439447,-0.03901314537849254,0.03901314537849254
0.553394193371655,0.37589768,0.1774965176190152,0.1774965176190152
0.5869820703231095,0.45822272,0.12875935327637178,0.12875935327637178
0.3565312399534854,0.27611876,0.08041248461290923,0.08041248461290923
0.3102928244130769,0.37492424,-0.0646314180834136,0.0646314180834136
0.3656799252462979,0.44005755,-0.07437762065404696,0.07437762065404696
0.4313262547053531,0.29758242,0.13374383697883635,0.13374383697883635
0.5235506144782927,0.59786385,-0.07431323849946003,0.07431323849946003
0.3757049764990252,0.25326937,0.12243560212845023,0.12243560212845023
0.4781477163371923,0.4693213,0.008826405817020155,0.008826405817020155
0.6480599553784901,0.5946138,0.05344616486640519,0.05344616486640519
0.4385516020441308,0.3460356,0.09251600233557367,0.09251600233557367
0.4269421426674631,0.32293922,0.10400292557685642,0.10400292557685642
0.121848195818322,0.22147022,-0.09962202605877608,0.09962202605877608
0.0,0.19205193,-0.1920519322156906,0.1920519322156906
0.4397292882050281,0.46934676,-0.02961747349846311,0.02961747349846311
0.359195961453188,0.38142318,-0.022227213881742425,0.022227213881742425
0.2892028875142096,0.3489463,-0.059743415614986584,0.059743415614986584
0.4155883673643907,0.4548938,-0.039305430271641406,0.039305430271641406
0.3649327118005153,0.38299525,-0.018062536040366062,0.018062536040366062
0.5629633751056498,0.37620318,0.18676019574621372,0.18676019574621372
0.3893518113764963,0.3023869,0.08696490165321447,0.08696490165321447
0.2505127858216387,0.19486918,0.05564361026831688,0.05564361026831688
0.5400277064932149,0.5053335,0.034694223274068126,0.034694223274068126
0.3388114875089663,0.46633482,-0.1275233322847349,0.1275233322847349
0.4627561139453846,0.3954981,0.06725801700248296,0.06725801700248296
0.2954315489678666,0.30048668,-0.005055134877653411,0.005055134877653411
0.2666955190837606,0.35868078,-0.09198526561854042,0.09198526561854042
0.3890280383642827,0.39683896,-0.007810924667486119,0.007810924667486119
0.3771381072572809,0.40158048,-0.024442375464047816,0.024442375464047816
0.4549711725611389,0.34583148,0.10913968895861509,0.10913968895861509
0.3302257077817095,0.31594416,0.014281542790330726,0.014281542790330726
0.0689400360382671,0.22828442,-0.15934438254464917,0.15934438254464917
0.3028710194019353,0.24172352,0.061147496858028116,0.061147496858028116
0.5073030778573027,0.50958425,-0.002281170208645822,0.002281170208645822
0.325437320126149,0.23478587,0.09065145040855105,0.09065145040855105
0.3339360995809087,0.38203394,-0.04809784454903515,0.04809784454903515
0.5393960843176562,0.55920255,-0.019806467524079663,0.019806467524079663
0.2563377954568462,0.24789827,0.00843952973743245,0.00843952973743245
0.11786613029285,0.17590564,-0.058039514600796246,0.058039514600796246
0.348228146745751,0.24147323,0.10675491900641687,0.10675491900641687
0.2943043414585439,0.28573248,0.008571863555177806,0.008571863555177806
0.213958946707791,0.42778125,-0.21382230734532484,0.21382230734532484
0.3457702573502181,0.4231939,-0.07742364442704935,0.07742364442704935
0.456917607874464,0.3674387,0.08947890409905812,0.08947890409905812
0.3734519064053641,0.3846679,-0.011215996779526671,0.011215996779526671
0.426163512114373,0.40560284,0.02056066954502178,0.02056066954502178
0.6772346164192373,0.4117699,0.26546471967355556,0.26546471967355556
0.3178535230737394,0.30893,0.008923513470239008,0.008923513470239008
0.4213914391074449,0.46382672,-0.04243527683875259,0.04243527683875259
0.2901311062334776,0.27688614,0.01324497089374066,0.01324497089374066
0.2339400466855045,0.28760424,-0.05366419587774318,0.05366419587774318
0.2775153910970384,0.43072665,-0.15321125627997578,0.15321125627997578
0.2952069047463852,0.34726244,-0.05205553736558377,0.05205553736558377
0.434912632924521,0.38505659,0.04985604785104991,0.04985604785104991
0.7665126311167929,0.6627244,0.10378825539200043,0.10378825539200043
0.2556594272873599,0.2828837,-0.027224276421288773,0.027224276421288773
0.3055624490640897,0.18951039,0.11605205890162174,0.11605205890162174
0.364479497814792,0.369536,-0.0050565145963255564,0.0050565145963255564
0.4409664747849579,0.362756,0.07821046091471862,0.07821046091471862
0.4189251353257974,0.39852536,0.020399778079398467,0.020399778079398467
0.5890159656580195,0.596114,-0.007098014158417265,0.007098014158417265
0.0,0.256739,-0.2567389905452728,0.2567389905452728
0.0,0.29228392,-0.29228392243385315,0.29228392243385315
0.2923536379983085,0.338699,-0.046345374996457744,0.046345374996457744
0.5578833645906182,0.34154868,0.21633468333146288,0.21633468333146288
0.1140586613990672,0.31526482,-0.20120615965348407,0.20120615965348407
0.0,0.19282377,-0.19282376766204834,0.19282376766204834
0.4701965677032015,0.43833894,0.031857632327987884,0.031857632327987884
0.4156095372837858,0.434729,-0.019119472582928676,0.019119472582928676
0.1932985988667617,0.22142301,-0.028124416131674268,0.028124416131674268
0.210743399879845,0.16566426,0.04507914426079593,0.04507914426079593
0.2133760467275542,0.43316388,-0.21978783457432569,0.21978783457432569
0.3934225529123233,0.50080395,-0.10738139453640716,0.10738139453640716
0.2706141206361655,0.33145437,-0.06084024580937586,0.06084024580937586
0.45734398649592,0.2855309,0.1718130915011843,0.1718130915011843
0.0,0.23411913,-0.23411913216114044,0.23411913216114044
0.2321913558120334,0.4171,-0.18490865649036528,0.18490865649036528
0.1873243398481582,0.18261711,0.004707226853964158,0.004707226853964158
0.3322765536045847,0.24060872,0.09166783163307285,0.09166783163307285
0.2853253735849769,0.40310663,-0.11778125626350333,0.11778125626350333
0.5079739633159611,0.47129643,0.03667753368186688,0.03667753368186688
0.065110538056657,0.23071346,-0.16560291881246836,0.16560291881246836
0.382581912721792,0.32431516,0.05826675220886779,0.05826675220886779
0.4680560705352843,0.41617155,0.051884519784551886,0.051884519784551886
0.6844412394269924,0.4413109,0.24313032705631066,0.24313032705631066
0.2947056714844208,0.4438954,-0.1491897280860443,0.1491897280860443
0.4290764340587528,0.41273957,0.016336859149542582,0.016336859149542582
0.0743562012396058,0.31251928,-0.23816308086297905,0.23816308086297905
0.0,0.17575552,-0.17575551569461823,0.17575551569461823
0.5157957292969501,0.49521768,0.020578048365858748,0.020578048365858748
0.3740732843919883,0.3190279,0.0550453836961875,0.0550453836961875
0.5714187816330705,0.6694752,-0.09805641615898275,0.09805641615898275
0.1460995185050418,0.352036,-0.2059364807930539,0.2059364807930539
0.4616503565881255,0.42250013,0.03915022307372118,0.03915022307372118
0.6864696400906422,0.3819301,0.30453952725189704,0.30453952725189704
0.444950934726211,0.350141,0.09480994589945929,0.09480994589945929
0.4210969175985081,0.29106176,0.13003515860345194,0.13003515860345194
0.376426013470725,0.4715294,-0.09510338091747383,0.09510338091747383
0.113186423812348,0.43952104,-0.32633462068037355,0.32633462068037355
0.6009288226183914,0.4609906,0.13993821487989655,0.13993821487989655
0.2731903933658224,0.35208938,-0.07889898189166966,0.07889898189166966
0.4590805427305029,0.37556028,0.08352025906961424,0.08352025906961424
0.1144942822381244,0.35957122,-0.24507693625247617,0.24507693625247617
0.1784233892487032,0.27371615,-0.09529276246562174,0.09529276246562174
0.614181233203706,0.42014045,0.19404078797131463,0.19404078797131463
0.3171162851736928,0.3222913,-0.005175029428205413,0.005175029428205413
0.6172125793404242,0.47766757,0.13954500922628843,0.13954500922628843
0.3619615568235803,0.34617066,0.015790892989962113,0.015790892989962113
0.068017037840357,0.32927355,-0.2612565138621424,0.2612565138621424
0.5236779332886201,0.3638717,0.1598062396774751,0.1598062396774751
0.2766846137073987,0.29443362,-0.01774900984492367,0.01774900984492367
0.4914481355861739,0.38278353,0.10866460344353474,0.10866460344353474
0.3792018112566804,0.48091066,-0.10170884757968435,0.10170884757968435
0.1178136286761882,0.3500612,-0.23224757933353163,0.23224757933353163
0.4023824608950949,0.32601243,0.07637002831986905,0.07637002831986905
0.7410371903587999,0.6006459,0.14039129058615585,0.14039129058615585
0.4571644097524099,0.29152548,0.16563892662100121,0.16563892662100121
0.3654137078324228,0.33959132,0.025822383503046553,0.025822383503046553
0.5542239003261497,0.6339832,-0.07975929450188379,0.07975929450188379
0.4101114108671851,0.30637398,0.10373742724558782,0.10373742724558782
0.4099223717104657,0.41920367,-0.009281297122313237,0.009281297122313237
0.1930624713068162,0.25007963,-0.057017160498603725,0.057017160498603725
0.4139746709649331,0.43758342,-0.023608745735430037,0.023608745735430037
0.5475739027361575,0.6286852,-0.0811112736363706,0.0811112736363706
0.2356563079833292,0.3534645,-0.1178082060337759,0.1178082060337759
0.6124159702078246,0.38276976,0.22964620673812852,0.22964620673812852
0.359715662642479,0.4174747,-0.05775902445697778,0.05775902445697778
0.2270384147435765,0.31037873,-0.08334031555351212,0.08334031555351212
0.5412720128200408,0.4294794,0.11179262243727406,0.11179262243727406
0.3272009607102885,0.32827145,-0.001070487901924655,0.001070487901924655
0.501585814581018,0.43673873,0.06484708510408932,0.06484708510408932
0.3263735612902438,0.47203365,-0.14566008839275485,0.14566008839275485
0.3650289760783494,0.39082322,-0.025794239167851174,0.025794239167851174
0.4572600340557153,0.38328627,0.07397376653671811,0.07397376653671811
0.4234828429316677,0.4889851,-0.06550224851616249,0.06550224851616249
0.0424113699247102,0.08398335,-0.04157197689516742,0.04157197689516742
0.1881260433176013,0.26873687,-0.08061082577915468,0.08061082577915468
0.5299016641318026,0.5896755,-0.05977382195599645,0.05977382195599645
0.3529772351830754,0.27544656,0.07753067122395368,0.07753067122395368
0.2877114495380963,0.3389986,-0.05128713640131105,0.05128713640131105
0.1485709974570876,0.13665837,0.011912626962245071,0.011912626962245071
0.1950439464540253,0.30923492,-0.11419097070982356,0.11419097070982356
0.0380335600063421,0.16075487,-0.12272131434229834,0.12272131434229834
0.3581198802164111,0.2621268,0.09599307681827879,0.09599307681827879
0.2752604032364921,0.2522222,0.02303819306765359,0.02303819306765359
0.2139020181691141,0.44888845,-0.23498643269186306,0.23498643269186306
0.3636460958053412,0.45749015,-0.09384405035478455,0.09384405035478455
0.4356617718087897,0.2943643,0.14129746845834107,0.14129746845834107
0.7238663220349908,0.5205034,0.20336292027870417,0.20336292027870417
0.1230194300727977,0.18283606,-0.05981662568281754,0.05981662568281754
0.5682301738834203,0.4748559,0.09337427407262933,0.09337427407262933
0.537183593502512,0.46858528,0.06859831093834878,0.06859831093834878
0.2451512101038832,0.3589261,-0.11377487751399096,0.11377487751399096
0.4088726590976719,0.42133173,-0.012459074367522804,0.012459074367522804
0.2987277917770642,0.31158412,-0.012856323251317137,0.012856323251317137
0.4059480967364566,0.4950322,-0.0890840945400937,0.0890840945400937
0.6265218355674252,0.53613687,0.09038496995158052,0.09038496995158052
0.4759343721052188,0.4271665,0.04876788035831631,0.04876788035831631
0.4597680622055737,0.32571143,0.1340566330864636,0.1340566330864636
0.3032817800075595,0.47117978,-0.1678980033367093,0.1678980033367093
0.1276572225126108,0.15796584,-0.030308616396538368,0.030308616396538368
0.3402552982432654,0.31993428,0.020321019516687633,0.020321019516687633
0.5761013591439859,0.6293111,-0.053209725603328595,0.053209725603328595
0.1204720239017254,0.20524281,-0.084770788731789,0.084770788731789
0.1991517719705509,0.35751948,-0.1583677056352688,0.1583677056352688
0.3960446227056781,0.4520519,-0.05600728507210817,0.05600728507210817
0.2108908691921229,0.17618167,0.034709195188521835,0.034709195188521835
0.2429127588141312,0.2526582,-0.009745429528916882,0.009745429528916882
0.3044002363786371,0.230763,0.0736372331485422,0.0736372331485422
0.1473970993016417,0.28616542,-0.13876831693905045,0.13876831693905045
0.2126463589639387,0.41859427,-0.20594791198065665,0.20594791198065665
0.4922379861312181,0.46093976,0.03129822115471664,0.03129822115471664
0.1571050362948393,0.12150162,0.035603419161221894,0.035603419161221894
0.1086879775841937,0.314167,-0.20547901531856205,0.20547901531856205
0.269995836744351,0.33819783,-0.06820199059482135,0.06820199059482135
0.496992583751641,0.40320155,0.09379103350635598,0.09379103350635598
0.3421796986671851,0.35877177,-0.016592072525365542,0.016592072525365542
0.2975698203140636,0.33521846,-0.03764863905368848,0.03764863905368848
0.3823931329192678,0.34494865,0.03744448351283469,0.03744448351283469
0.084048761190058,0.28042427,-0.19637550586354613,0.19637550586354613
0.4574509422958388,0.43735933,0.020091609257508747,0.020091609257508747
0.438905838567274,0.29089418,0.14801165803100386,0.14801165803100386
0.3067819209840464,0.35285333,-0.04607140700553186,0.04607140700553186
0.5426540852994028,0.6460554,-0.10340131507214867,0.10340131507214867
0.1870839835078269,0.30208924,-0.11500526061944666,0.11500526061944666
0.5629848322089283,0.43541294,0.12757188884573856,0.12757188884573856
0.4007489442658752,0.3473329,0.0534160494637817,0.0534160494637817
0.3189079016869711,0.31898078,-7.288153713475021e-05,7.288153713475021e-05
0.3716877274386148,0.35469747,0.016990261542008334,0.016990261542008334
0.3571225390315098,0.49895623,-0.14183369423150594,0.14183369423150594
0.5783804827362862,0.49365306,0.08472742373054887,0.08472742373054887
0.1955534787548311,0.24035108,-0.044797602139639126,0.044797602139639126
0.2479134601422336,0.3812446,-0.13333113967694976,0.13333113967694976
0.5477171486787467,0.41306368,0.13465347351357027,0.13465347351357027
0.2757441774693568,0.44068006,-0.16493587934102222,0.16493587934102222
0.525088846221932,0.40314925,0.12193959905243734,0.12193959905243734
0.6582393305014518,0.54917055,0.10906877681721716,0.10906877681721716
0.3080341621763944,0.3937203,-0.08568613682911402,0.08568613682911402
0.4885603877625509,0.45489785,0.033662537010674065,0.033662537010674065
0.1827179531100236,0.2923404,-0.10962244472475424,0.10962244472475424
0.5007888830113015,0.369329,0.1314598775314889,0.1314598775314889
0.4082373309977944,0.5279264,-0.11968905440488503,0.11968905440488503
0.4538397136933693,0.5264839,-0.07264417970110093,0.07264417970110093
0.2674046546607674,0.27681336,-0.009408703407698782,0.009408703407698782
0.0981527640721379,0.2793876,-0.18123482919721023,0.18123482919721023
0.4588753441249175,0.40285167,0.05602367314446399,0.05602367314446399
0.0310994745867575,0.12541085,-0.09431138022967928,0.09431138022967928
0.3221082512929109,0.39626917,-0.07416092113712758,0.07416092113712758
0.5318636444033283,0.38587552,0.1459881213129658,0.1459881213129658
0.4069829559788394,0.5212982,-0.11431527371552708,0.11431527371552708
0.6997237741316356,0.5211428,0.17858099335084332,0.17858099335084332
0.5458515254302956,0.3947489,0.15110262906989824,0.15110262906989824
0.2660169352790705,0.21776265,0.048254286219774845,0.048254286219774845
0.3795522299752397,0.34047368,0.03907854828693097,0.03907854828693097
0.3671048829092607,0.48812422,-0.12101933865407855,0.12101933865407855
0.1113038727756454,0.2419982,-0.13069432287254795,0.13069432287254795
0.2182668472526077,0.45030862,-0.23204177367711032,0.23204177367711032
0.28153984883669,0.402595,-0.12105516454336068,0.12105516454336068
0.0356299161906772,0.22551523,-0.18988531529945799,0.18988531529945799
0.3829155780419405,0.39966857,-0.016752996291250433,0.016752996291250433
0.33348802589116,0.2694422,0.06404582523045443,0.06404582523045443
0.0961843497814042,0.20684409,-0.11065974163400108,0.11065974163400108
0.4423688108795554,0.46138385,-0.01901503850284514,0.01901503850284514
0.49431212411516,0.42109755,0.07321457729928782,0.07321457729928782
0.4128390798108148,0.3595545,0.05328458042307371,0.05328458042307371
0.3209886374651717,0.419769,-0.09878035162097942,0.09878035162097942
0.4735736919586425,0.41964018,0.053933508509851014,0.053933508509851014
0.4883700600794485,0.418108,0.07026207362925319,0.07026207362925319
0.4262339282866147,0.46166122,-0.03542729131024808,0.03542729131024808
0.2375646249275398,0.24233237,-0.00476774416158679,0.00476774416158679
0.4211001275851967,0.39750248,0.023597645647788268,0.023597645647788268
0.5742467751375798,0.64466417,-0.0704173932202693,0.0704173932202693
0.2755618235647117,0.31512567,-0.039563850444611415,0.039563850444611415
0.7246565565220718,0.51658785,0.20806870309037018,0.20806870309037018
0.2873948443357693,0.29162303,-0.004228181796814334,0.004228181796814334
0.3804011688900227,0.43679535,-0.056394184999442654,0.056394184999442654
0.2629190673322773,0.2750944,-0.012175322583188986,0.012175322583188986
0.4122118059867101,0.38430697,0.02790483872825672,0.02790483872825672
0.0846297178941208,0.21255301,-0.1279232914967102,0.1279232914967102
0.2839930335305465,0.41359723,-0.1296041926123368,0.1296041926123368
0.1929797999419055,0.31635487,-0.12337507085429811,0.12337507085429811
0.3975563913153819,0.3231406,0.07441579993240155,0.07441579993240155
0.5407412292514846,0.6136204,-0.07287917117728737,0.07287917117728737
0.4826676978524253,0.26898852,0.21367917794542762,0.21367917794542762
0.0,0.18844242,-0.1884424239397049,0.1884424239397049
0.7153449421546467,0.5377494,0.17759553247904858,0.17759553247904858
0.4242133234368114,0.4221193,0.0020940338001994574,0.0020940338001994574
0.2455834765844999,0.20150204,0.044081436555927805,0.044081436555927805
0.4011879864984902,0.49022987,-0.08904188835082927,0.08904188835082927
0.4043649704171155,0.38800466,0.01636030981073122,0.01636030981073122
0.2638585471747394,0.43940255,-0.1755440032841687,0.1755440032841687
0.4079861112236793,0.39259982,0.01538629013298104,0.01538629013298104
0.2737546187299488,0.3027796,-0.02902496639311336,0.02902496639311336
0.3076063345516628,0.3041395,0.003466839655727749,0.003466839655727749
0.2606201440408192,0.4933545,-0.2327343552992382,0.2327343552992382
0.1362214517100578,0.1402274,-0.004005955506967945,0.004005955506967945
0.3993060783692307,0.33712426,0.062181820089430295,0.062181820089430295
0.4725499060860564,0.5280408,-0.05549092023459179,0.05549092023459179
0.4608139326793954,0.37615803,0.08465590383837673,0.08465590383837673
0.5116542087725391,0.44007805,0.0715761588743915,0.0715761588743915
0.4290567016691448,0.45946413,-0.03040743111665234,0.03040743111665234
0.2862124169638493,0.27038673,0.01582569129971051,0.01582569129971051
0.5149439774051981,0.46942583,0.04551815014041238,0.04551815014041238
0.1487470766930108,0.19483873,-0.046091655787992014,0.046091655787992014
0.2248881029145866,0.3184429,-0.0935548079950661,0.0935548079950661
0.2142999880961259,0.44198406,-0.22768406933032673,0.22768406933032673
0.5550093431898852,0.5231572,0.031852163834263814,0.031852163834263814
0.5321314190233459,0.4655336,0.06659780486471556,0.06659780486471556
0.4562175395074992,0.39061585,0.06560168882047224,0.06560168882047224
0.5536549775352996,0.4216541,0.13200087234883717,0.13200087234883717
0.2284528695980019,0.1979466,0.030506276432604257,0.030506276432604257
0.4330991866434968,0.40805122,0.025047964080706864,0.025047964080706864
0.3541375952694726,0.22353756,0.13060003099182366,0.13060003099182366
0.5161470173141524,0.60116047,-0.08501344935683763,0.08501344935683763
0.3557959612413004,0.45527542,-0.09947945513290612,0.09947945513290612
0.3108428519316532,0.46250278,-0.15165992564479336,0.15165992564479336
0.465151419760165,0.37627152,0.08887990367549398,0.08887990367549398
0.5210281945318722,0.399277,0.12175119291253322,0.12175119291253322
0.2636091341921998,0.23957247,0.02403666877243049,0.02403666877243049
0.3648207214412706,0.24252819,0.12229253619289565,0.12229253619289565
0.1985932277263912,0.3254996,-0.12690636648518716,0.12690636648518716
0.0,0.109652705,-0.10965270549058914,0.10965270549058914
0.4084099385689549,0.41464055,-0.006230607276076827,0.006230607276076827
0.4764842260424387,0.4001668,0.07631741648357027,0.07631741648357027
0.4186778015144543,0.4330431,-0.01436529097478828,0.01436529097478828
0.0500730470409387,0.22028214,-0.1702090903530127,0.1702090903530127
0.3165250949872542,0.27954027,0.036984824420313867,0.036984824420313867
0.0052753733248197,0.10844293,-0.10316755904250513,0.10316755904250513
0.6032835179423641,0.5332656,0.07001792727463951,0.07001792727463951
0.193990902980319,0.21009849,-0.016107587138661394,0.016107587138661394
0.5842339349099828,0.50740093,0.07683300498215684,0.07683300498215684
0.5326449406140243,0.6214437,-0.08879874825545198,0.08879874825545198
0.2249016079106564,0.2669945,-0.042092898210025376,0.042092898210025376
0.1862025081220424,0.20390481,-0.017702299445554043,0.017702299445554043
0.4333950360643896,0.2889042,0.14449084600091305,0.14449084600091305
0.2342793271361548,0.40533337,-0.17105404283416686,0.17105404283416686
0.3920807736930346,0.3724616,0.01961918650240657,0.01961918650240657
0.2945287348655135,0.47597572,-0.18144698720899516,0.18144698720899516
0.0781402642557277,0.12746325,-0.04932298709658248,0.04932298709658248
0.0032553301459234,0.30788752,-0.3046321942204554,0.3046321942204554
0.4127807080824329,0.29243374,0.1203469693739368,0.1203469693739368
0.2814070422782291,0.23950242,0.04190462721723209,0.04190462721723209
0.2828183638476446,0.35599855,-0.07318018203744148,0.07318018203744148
0.490977306515631,0.482391,0.008586306721624637,0.008586306721624637
0.5705737127720741,0.4075213,0.16305240530365983,0.16305240530365983
0.3295758797730318,0.34044945,-0.010873572627175698,0.010873572627175698
0.3182335488483564,0.24183887,0.07639467641564768,0.07639467641564768
0.4583571721856473,0.28868243,0.1696747412030576,0.1696747412030576
0.1488440717167374,0.2704378,-0.12159373512797392,0.12159373512797392
0.4121921757912828,0.55695724,-0.14476506908176406,0.14476506908176406
0.4669809953036924,0.38290045,0.08408054865032633,0.08408054865032633
0.4883717014029383,0.4845596,0.0038121058180689005,0.0038121058180689005
0.0522078829162558,0.26004338,-0.20783549972839752,0.20783549972839752
0.2481074550318431,0.26133743,-0.01322997425320635,0.01322997425320635
0.2286227911960888,0.17062472,0.05799807312605859,0.05799807312605859
0.3916478257348689,0.3789756,0.012672225730672726,0.012672225730672726
0.4551240966279973,0.47371393,-0.018589837793542008,0.018589837793542008
0.6244517345743302,0.4930223,0.1314294417219285,0.1314294417219285
0.2925057532719878,0.47041026,-0.17790450430590832,0.17790450430590832
0.2920712502817977,0.30317703,-0.011105778612626738,0.011105778612626738
0.5666120031464579,0.39238632,0.17422568589334508,0.17422568589334508
0.4244294897550509,0.24907705,0.17535243787707544,0.17535243787707544
0.5862752518646623,0.64989036,-0.06361511135173781,0.06361511135173781
0.4231213338349727,0.4631478,-0.04002645540491073,0.04002645540491073
0.1821472302144549,0.33338094,-0.15123370736183905,0.15123370736183905
0.1528119408703656,0.27715358,-0.12434164051047852,0.12434164051047852
0.1164146251568451,0.20865734,-0.09224271405843353,0.09224271405843353
0.4853419724597455,0.32423058,0.16111139093775756,0.16111139093775756
0.5730994705145014,0.54885864,0.024240827936376386,0.024240827936376386
0.6832270235643969,0.63452595,0.04870106884103875,0.04870106884103875
0.5155175553872067,0.41489464,0.10062291494149744,0.10062291494149744
0.5688064295891644,0.43724078,0.13156565018929256,0.13156565018929256
0.2783306112243859,0.23679772,0.04153289103052299,0.04153289103052299
0.1822640305426905,0.20845684,-0.026192813548724908,0.026192813548724908
0.5166798887362589,0.5365373,-0.019857400883186882,0.019857400883186882
0.4446134587065667,0.52007425,-0.0754607896073371,0.0754607896073371
0.3929073957234821,0.5386974,-0.14579002582726863,0.14579002582726863
0.4395619134388316,0.44657478,-0.0070128639258992265,0.0070128639258992265
0.4288642470763677,0.40919167,0.019672579042767868,0.019672579042767868
0.5889694766422603,0.39096582,0.1980036572834346,0.1980036572834346
0.590830930802826,0.41478607,0.17604486021757515,0.17604486021757515
0.4657033920567245,0.33530486,0.1303985357563705,0.1303985357563705
0.5159671454271548,0.51935965,-0.003392502800536823,0.003392502800536823
0.460677092070796,0.5125559,-0.05187880516507437,0.05187880516507437
0.2981383779942302,0.31635445,-0.018216075569459977,0.018216075569459977
0.5010941124855234,0.45917276,0.04192135700571076,0.04192135700571076
0.142584155190123,0.2469613,-0.10437714041458282,0.10437714041458282
0.5506485920493138,0.51334494,0.03730364852590684,0.03730364852590684
0.1759128433723275,0.27361843,-0.09770558652688821,0.09770558652688821
0.4226338811324555,0.3169452,0.1056886859343964,0.1056886859343964
0.2341410069289735,0.17434841,0.05979259298472911,0.05979259298472911
0.4672314971790711,0.40884042,0.05839107931713261,0.05839107931713261
0.3693457956786818,0.2561407,0.11320508675534197,0.11320508675534197
0.1092073403061112,0.11462899,-0.005421652668646942,0.005421652668646942
0.4451166051697465,0.44468376,0.00043284476515970116,0.00043284476515970116
0.2786798705278815,0.23426262,0.04441725508560551,0.04441725508560551
0.5218577868022283,0.6024408,-0.0805829876385371,0.0805829876385371
0.3752209481224012,0.2718892,0.10333173837508675,0.10333173837508675
0.440903497564673,0.50087446,-0.05997096217882675,0.05997096217882675
0.2154051741641313,0.24189658,-0.026491410465881216,0.026491410465881216
0.2767779614287731,0.3620738,-0.08529584747968944,0.08529584747968944
0.2985602273164859,0.23865058,0.05990965203629639,0.05990965203629639
0.5177837467070927,0.44782993,0.0699538147326817,0.0699538147326817
0.6545628479675816,0.7136496,-0.059086722974343475,0.059086722974343475
0.2408047080428539,0.26111886,-0.020314151009804188,0.020314151009804188
0.5544746907762801,0.50888115,0.04559353910010211,0.04559353910010211
0.0133870970457163,0.05062109,-0.03723399154848193,0.03723399154848193
0.1759684331512851,0.26889336,-0.09292492794032867,0.09292492794032867
0.2152035906355375,0.21622922,-0.0010256246287828619,0.0010256246287828619
0.1495818850932129,0.27123508,-0.12165319348001402,0.12165319348001402
0.11106860170207,0.3099983,-0.1989297019497397,0.1989297019497397
0.4438331520229662,0.45093483,-0.007101675304762078,0.007101675304762078
0.3393220503786898,0.36984876,-0.03052670760356424,0.03052670760356424
0.4382342329341849,0.27780947,0.16042476204223238,0.16042476204223238
0.4900787810202522,0.4786637,0.01141506828030775,0.01141506828030775
0.4192694988620888,0.23376946,0.1855000373495232,0.1855000373495232
0.4846271960250623,0.5621082,-0.07748102264482903,0.07748102264482903
0.3634112856262884,0.3043639,0.05904737924277398,0.05904737924277398
0.1771677686157092,0.19724986,-0.0200820909557477,0.0200820909557477
0.5513023634701327,0.56593484,-0.014632473394338708,0.014632473394338708
0.2768146445364788,0.4193504,-0.14253574112941475,0.14253574112941475
0.2190672835395956,0.2872114,-0.06814410480993749,0.06814410480993749
0.345347020699267,0.40344068,-0.05809366338085692,0.05809366338085692
0.2228648467839145,0.28366217,-0.06079732338782318,0.06079732338782318
0.305428269668428,0.27881292,0.026615354581681794,0.026615354581681794
0.4323423202605777,0.38465005,0.047692268666797155,0.047692268666797155
0.4330569565410211,0.31004274,0.12301421762653136,0.12301421762653136
0.2253616555957284,0.22200724,0.003354410770365246,0.003354410770365246
0.2937157711752093,0.38854146,-0.09482568886202214,0.09482568886202214
0.5540555007950406,0.35005865,0.20399685578504612,0.20399685578504612
0.4577333529556568,0.44176885,0.015964498099165725,0.015964498099165725
0.7208441732247569,0.68929833,0.0315458414872386,0.0315458414872386
0.5716880289569213,0.46701735,0.10467067637589711,0.10467067637589711
0.5657155114266565,0.55746466,0.008250852212636772,0.008250852212636772
0.143688574924033,0.28634375,-0.1426551784138271,0.1426551784138271
0.5023100586055704,0.42185125,0.08045881105651342,0.08045881105651342
0.3661488663838482,0.31056368,0.05558518287402153,0.05558518287402153
0.2831696994102918,0.43765318,-0.15448348452678096,0.15448348452678096
0.4030025567554214,0.49980006,-0.09679749946367955,0.09679749946367955
0.5325352557685806,0.46797562,0.0645596393135025,0.0645596393135025
0.4584719318340353,0.4814049,-0.022932968716807,0.022932968716807
0.2285876997763233,0.20254052,0.02604718292299077,0.02604718292299077
0.4987431522654367,0.3713525,0.12739065850246672,0.12739065850246672
0.268735409654006,0.2157,0.05303540912948512,0.05303540912948512
0.4111138531607143,0.53678936,-0.12567550450148662,0.12567550450148662
0.3244416554204776,0.2706183,0.053823365711386406,0.053823365711386406
0.3385222913773957,0.38266727,-0.04414498190560906,0.04414498190560906
0.5027071625067516,0.56375027,-0.06104310452205697,0.06104310452205697
0.2016343800306837,0.24877563,-0.047141251158662606,0.047141251158662606
0.6991991790461556,0.5394431,0.15975610338926471,0.15975610338926471
0.0714856551175839,0.12368755,-0.052201895307945584,0.052201895307945584
0.2753887194575238,0.40104726,-0.1256585401116443,0.1256585401116443
0.4367019816569568,0.3498919,0.08681008064072143,0.08681008064072143
0.472385694405885,0.4962896,-0.02390391645684692,0.02390391645684692
0.3582540465713825,0.36395922,-0.005705176460615191,0.005705176460615191
0.3654348828330762,0.3673365,-0.0019016287788622965,0.0019016287788622965
0.4434250142212694,0.46786055,-0.024435535467069835,0.024435535467069835
0.3364884204237199,0.26038808,0.0761003441183305,0.0761003441183305
0.6071968763224843,0.59805775,0.009139129435277282,0.009139129435277282
0.5148915190386004,0.24675393,0.2681375879930682,0.2681375879930682
0.5204707251676057,0.5651223,-0.04465158117928758,0.04465158117928758
0.2139738794382638,0.29608247,-0.08210858740248023,0.08210858740248023
0.3617685959323828,0.33272526,0.029043339250940547,0.029043339250940547
0.3249223418798826,0.34052327,-0.015600930872879226,0.015600930872879226
0.2073997707184224,0.27902937,-0.07162959863582566,0.07162959863582566
0.4350273639909612,0.47819498,-0.043167617822469584,0.043167617822469584
0.2853923737033639,0.3260924,-0.04070001850282812,0.04070001850282812
0.4842339716417062,0.51901627,-0.03478229422743445,0.03478229422743445
0.1966347395176114,0.13465227,0.061982467650813,0.061982467650813
0.6615067688069702,0.5284885,0.13301825199941408,0.13301825199941408
0.2256112235679897,0.17303932,0.05257190643694723,0.05257190643694723
0.411550389533406,0.48600528,-0.0744548869081681,0.0744548869081681
0.5069765517313447,0.43998328,0.06699327321838999,0.06699327321838999
0.2798932616333145,0.26450077,0.015392494640745547,0.015392494640745547
0.5170781072388252,0.55768543,-0.04060732757944263,0.04060732757944263
0.170136067033264,0.19960184,-0.029465776919868625,0.029465776919868625
0.6170196165304267,0.5909445,0.02607508795071478,0.02607508795071478
0.3773582108276264,0.35919783,0.018160385634221232,0.018160385634221232
0.2755980986718533,0.4298101,-0.15421200808244967,0.15421200808244967
0.3251363712620942,0.23004736,0.09508901119949503,0.09508901119949503
0.5098198782321199,0.50881875,0.001001132619021794,0.001001132619021794
0.2775907846915937,0.34530142,-0.06771063480494255,0.06771063480494255
0.2501070517628704,0.23186219,0.01824486437731132,0.01824486437731132
0.3380772337360437,0.4297288,-0.09165157228278564,0.09165157228278564
0.178839647871672,0.19184688,-0.013007229464830072,0.013007229464830072
0.6784239846569694,0.7536701,-0.0752461117404305,0.0752461117404305
0.2806009014642128,0.23277979,0.047821115473497766,0.047821115473497766
0.513602797696734,0.4468812,0.06672159285321289,0.06672159285321289
0.4099116806079621,0.38961747,0.02029420772092294,0.02029420772092294
0.2109109915863386,0.33921665,-0.1283056579459795,0.1283056579459795
0.3740075484645451,0.2547043,0.11930325187564739,0.11930325187564739
0.5056671298851246,0.4983046,0.007362524401115844,0.007362524401115844
0.3436231108189489,0.4119392,-0.06831609292021734,0.06831609292021734
0.5738521576418381,0.5307186,0.043133533050010664,0.043133533050010664
0.545252565463644,0.6200087,-0.07475614158286481,0.07475614158286481
0.5281524757763882,0.31433898,0.21381349367113311,0.21381349367113311
0.2983905379545005,0.37715438,-0.07876384212858362,0.07876384212858362
0.1950262587030855,0.17976755,0.015258709665152137,0.015258709665152137
0.272735399106201,0.32501948,-0.052284079691711616,0.052284079691711616
0.4077068234444534,0.50759315,-0.09988633146277315,0.09988633146277315
0.4659644522553926,0.46068966,0.005274788368368699,0.005274788368368699
0.0130714325399254,0.071466126,-0.05839469300796049,0.05839469300796049
0.3736477997313749,0.4748786,-0.10123080944907553,0.10123080944907553
0.4013482042205308,0.32416937,0.07717883666872721,0.07717883666872721
0.328742623947408,0.257741,0.07100161971881608,0.07100161971881608
0.5902123065026464,0.4020794,0.1881329031022253,0.1881329031022253
0.4452966790418118,0.41867188,0.02662480284971891,0.02662480284971891
0.593365318013483,0.5506239,0.042741424275690054,0.042741424275690054
0.339006579941628,0.3516555,-0.012648933106544025,0.012648933106544025
0.5312462487511542,0.41374505,0.11750120308922796,0.11750120308922796
0.6475110657545867,0.41992497,0.2275860913130584,0.2275860913130584
0.593615574878777,0.6539729,-0.06035734887686872,0.06035734887686872
0.1929764010952111,0.3318661,-0.13888968443411628,0.13888968443411628
0.3327206537429366,0.3729706,-0.04024995711407331,0.04024995711407331
0.3174725490917006,0.43512,-0.11764743744241807,0.11764743744241807
0.4565424225127213,0.38651478,0.0700276396071427,0.0700276396071427
0.4893922591690889,0.47711137,0.012280889797674721,0.012280889797674721
0.2351845543290439,0.2045968,0.030587751736766366,0.030587751736766366
0.3863064189861563,0.47705963,-0.09075321355359284,0.09075321355359284
0.0383454446406439,0.119256206,-0.08091076121615617,0.08091076121615617
0.6153241676336484,0.41884217,0.1964820009714322,0.1964820009714322
0.2896042932205511,0.19214742,0.0974568743639303,0.0974568743639303
0.3843106566407496,0.4711704,-0.08685973897196708,0.08685973897196708
0.3233917143353232,0.41043606,-0.08704434966957486,0.08704434966957486
0.5660045958355693,0.5639428,0.002061805804136174,0.002061805804136174
0.0,0.09681191,-0.09681191295385361,0.09681191295385361
0.3722316096123486,0.27368134,0.09855026701057246,0.09855026701057246
0.3573635404170504,0.38263747,-0.02527393054356669,0.02527393054356669
0.2993939354013862,0.29826236,0.0011315776895942098,0.0011315776895942098
0.6627044242726056,0.7542758,-0.09157137452500186,0.09157137452500186
0.2271117568573715,0.19685738,0.03025437897059935,0.03025437897059935
0.5036326962059435,0.46232685,0.04130584173855156,0.04130584173855156
0.4343754647843473,0.38532484,0.04905062900706458,0.04905062900706458
0.5852532087559194,0.4921404,0.09311279642529191,0.09311279642529191
0.2638018192037491,0.19455747,0.06924434614028019,0.06924434614028019
0.2528385168127068,0.44508377,-0.19224525036296763,0.19224525036296763
0.5576783179128998,0.4922335,0.06544480312713319,0.06544480312713319
0.4458868847216851,0.4443791,0.0015077934588677011,0.0015077934588677011
0.1175104422205401,0.3210966,-0.20358615688148016,0.20358615688148016
0.2851158309227882,0.2272921,0.05782372536725383,0.05782372536725383
0.4393971089746769,0.5152168,-0.07581971841790125,0.07581971841790125
0.5146273702577648,0.42307138,0.0915559858278332,0.0915559858278332
0.2617948911345076,0.24790241,0.013892482892281954,0.013892482892281954
0.0,0.05661291,-0.05661290884017944,0.05661290884017944
0.4622038642895055,0.49812078,-0.03591692047001599,0.03591692047001599
0.1716132183426707,0.27445897,-0.10284575625716755,0.10284575625716755
0.038776866979598,0.09810433,-0.059327460937501,0.059327460937501
0.0,0.14268991,-0.14268991351127625,0.14268991351127625
0.5106634766996235,0.50728655,0.0033769280851215777,0.0033769280851215777
0.3964362417341611,0.46769527,-0.07125902427421599,0.07125902427421599
0.3373906032146248,0.31485996,0.022530646711710345,0.022530646711710345
0.6065040604937937,0.3893745,0.21712956594118138,0.21712956594118138
0.4812207805038455,0.40293035,0.07829043139228847,0.07829043139228847
0.6443833404536528,0.6401256,0.004257767772225751,0.004257767772225751
0.1428774213055005,0.13861087,0.004266551659428103,0.004266551659428103
0.3692415626743395,0.33326146,0.03598010260849782,0.03598010260849782
0.1055477708419976,0.28971708,-0.18416930736692574,0.18416930736692574
0.3367696113574221,0.5268878,-0.19011816311004615,0.19011816311004615
0.3335640243722205,0.32833475,0.005229275627255892,0.005229275627255892
0.4794356062105118,0.42169324,0.05774237057475434,0.05774237057475434
0.3825939801903164,0.46644205,-0.08384806835933573,0.08384806835933573
0.4789011897133193,0.36149693,0.11740426435931539,0.11740426435931539
0.4922400221898156,0.43508467,0.057155351407726374,0.057155351407726374
0.7341547795638571,0.3671566,0.36699818457217315,0.36699818457217315
0.3224505574523126,0.43482625,-0.11237569739235292,0.11237569739235292
0.2181628832222701,0.2658747,-0.047711830437016406,0.047711830437016406
0.4160139358860681,0.52062476,-0.10461082092698121,0.10461082092698121
0.2412866621434094,0.35598263,-0.11469596930152162,0.11469596930152162
0.6219934614060895,0.54714084,0.07485262469039122,0.07485262469039122
0.3277969935091279,0.31611824,0.011678753152682575,0.011678753152682575
0.2807372720210016,0.36782306,-0.08708579230623836,0.08708579230623836
0.296447379808147,0.31806698,-0.021619604606907317,0.021619604606907317
0.4947362372452736,0.42592487,0.0688113698536873,0.0688113698536873
0.3487088361280858,0.1873754,0.16133343963798874,0.16133343963798874
0.2680555299782696,0.34188172,-0.07382619223356818,0.07382619223356818
0.6525586529372552,0.63547885,0.01707979875787291,0.01707979875787291
0.2323050265563749,0.22322094,0.009084082151772838,0.009084082151772838
0.3809276790054989,0.46208718,-0.08115950518525122,0.08115950518525122
0.4837176919350384,0.28924355,0.19447414282653314,0.19447414282653314
0.1031108149304877,0.24221028,-0.1390994689449777,0.1390994689449777
0.4550434169009875,0.48788837,-0.03284494908297553,0.03284494908297553
0.1991487207532584,0.31410667,-0.11495795224898464,0.11495795224898464
0.5121304634723338,0.4205684,0.09156205689045516,0.09156205689045516
0.2145581646801706,0.28649107,-0.07193290153725188,0.07193290153725188
0.4904615053081435,0.52499795,-0.03453644429207625,0.03453644429207625
0.5593055110491187,0.35915574,0.20014976673492502,0.20014976673492502
0.5185727542721342,0.47685033,0.04172242344251387,0.04172242344251387
0.4168861080396837,0.37018448,0.04670162689573226,0.04670162689573226
0.3364498428450501,0.24308604,0.09336380282506107,0.09336380282506107
0.2789300706108594,0.44932804,-0.17039796450533629,0.17039796450533629
0.6201724484695172,0.47350183,0.14667061717641117,0.14667061717641117
0.2584174633053928,0.41076767,-0.15235021114071318,0.15235021114071318
0.2021556544050006,0.21620888,-0.014053220774290165,0.014053220774290165
0.4858948225054716,0.56579256,-0.07989773807192097,0.07989773807192097
0.2423105328022507,0.29614946,-0.05383892965922085,0.05383892965922085
0.2166560837556455,0.22537822,-0.008722131557312274,0.008722131557312274
0.1343992896383725,0.086009584,0.04838970527109726,0.04838970527109726
0.2945150267565803,0.28505355,0.00946147555952831,0.00946147555952831
0.3612141626839178,0.3946455,-0.03343134942011661,0.03343134942011661
0.4155152879434498,0.46787557,-0.05236028211537286,0.05236028211537286
0.5335510407165807,0.34055933,0.1929917071537297,0.1929917071537297
0.4628163206109656,0.4723543,-0.009537972258602256,0.009537972258602256
0.3431879634078034,0.40738922,-0.06420126016778865,0.06420126016778865
0.3419673872700467,0.20769602,0.1342713666668668,0.1342713666668668
0.4600262448191973,0.43249357,0.027532677352461454,0.027532677352461454
0.5870950271547617,0.5448917,0.04220331210501804,0.04220331210501804
0.3960523665805333,0.46562827,-0.06957589975400041,0.06957589975400041
0.2968115242982652,0.3617383,-0.06492677006475667,0.06492677006475667
0.2095223331524091,0.29644915,-0.08692682146299313,0.08692682146299313
0.1341324559312957,0.24513297,-0.1110005118984086,0.1110005118984086
0.4860449453405873,0.3928678,0.09317714176697889,0.09317714176697889
0.4713297539399262,0.41097167,0.06035808259707648,0.06035808259707648
0.4712272541844436,0.48744485,-0.01621759363774572,0.01621759363774572
0.3535567589413241,0.41339308,-0.05983632129320349,0.05983632129320349
0.6094891243152918,0.4683165,0.1411726288967432,0.1411726288967432
0.2943135842358637,0.13980877,0.15450481024141788,0.15450481024141788
0.5342115395345344,0.3853948,0.14881672790428535,0.14881672790428535
0.3685428508350762,0.37378123,-0.005238383190878992,0.005238383190878992
0.2736082058867771,0.38941807,-0.11580985966116603,0.11580985966116603
0.4737550512196269,0.5863986,-0.11264355031235551,0.11264355031235551
0.4432726864473323,0.3307403,0.11253238364620011,0.11253238364620011
0.434495459877821,0.3657025,0.06879294999775509,0.06879294999775509
0.3885464036760331,0.32281932,0.06572708132839211,0.06572708132839211
0.3686844863805282,0.45080996,-0.08212546921639563,0.08212546921639563
0.7730619988117398,0.529695,0.24336702438928492,0.24336702438928492
0.5723761075326955,0.5518226,0.020553504783824672,0.020553504783824672
0.495471149164252,0.335065,0.16040614195447417,0.16040614195447417
0.3936331930338981,0.41121194,-0.017578744632041232,0.017578744632041232
0.5428595334327782,0.55560726,-0.012747725840750901,0.012747725840750901
0.4613324627319086,0.40973905,0.051593415443013935,0.051593415443013935
0.3793674587956726,0.32527512,0.054092335676318326,0.054092335676318326
0.3244059457890142,0.36814043,-0.04373448346933234,0.04373448346933234
0.3615137770562187,0.42473567,-0.06322188826513142,0.06322188826513142
0.0,0.22407605,-0.224076047539711,0.224076047539711
0.4101001398829402,0.26893082,0.1411693172720851,0.1411693172720851
0.2935873199816067,0.3078635,-0.014276183712927604,0.014276183712927604
0.6404449997138141,0.49294463,0.14750037171355468,0.14750037171355468
0.3782240118019591,0.39671654,-0.018492523289441065,0.018492523289441065
0.1768394300775063,0.18072224,-0.0038828065557944824,0.0038828065557944824
0.366686640978647,0.32541156,0.04127508282740189,0.04127508282740189
0.200646485822916,0.22327009,-0.02262360261130336,0.02262360261130336
0.4539012359520777,0.39941072,0.05449051131218513,0.05449051131218513
0.4234912273899143,0.36334538,0.06014584279213597,0.06014584279213597
0.5346399385180446,0.69423246,-0.15959252531862533,0.15959252531862533
0.2431863680509057,0.29858047,-0.05539409965005254,0.05539409965005254
0.3806680160380244,0.3801951,0.0004729050017237557,0.0004729050017237557
0.1474963674288941,0.0830835,0.06441286448060995,0.06441286448060995
0.4919157969874524,0.39667946,0.09523633598510256,0.09523633598510256
0.4614785300733537,0.49350426,-0.03202572593670183,0.03202572593670183
0.4576341701712618,0.37394634,0.08368783127927876,0.08368783127927876
0.3752698385594901,0.4548955,-0.07962565780891812,0.07962565780891812
0.4441288151314652,0.3793062,0.06482261796502231,0.06482261796502231
0.6423898513847661,0.50159204,0.14079781132281544,0.14079781132281544
0.3274842904929976,0.2064648,0.12101949323462052,0.12101949323462052
0.3981075306183474,0.43715015,-0.03904261991914343,0.03904261991914343
0.1939789501364317,0.25888532,-0.06490637386488055,0.06490637386488055
0.2302898397336113,0.45876768,-0.22847784258030776,0.22847784258030776
0.3913022155155512,0.39077726,0.0005249554504724863,0.0005249554504724863
0.5589889244503179,0.47499788,0.0839910463756719,0.0839910463756719
0.3322865292914047,0.34396565,-0.011679120313392688,0.011679120313392688
0.3356805784479794,0.3854898,-0.049809213183719225,0.049809213183719225
0.3071857925826042,0.32239494,-0.01520914469423601,0.01520914469423601
0.2858738881926128,0.119659945,0.166213942823846,0.166213942823846
0.4241619092848037,0.38344067,0.04072123593351584,0.04072123593351584
0.1254570591368926,0.10586973,0.019587326339746747,0.019587326339746747
0.5884899294444547,0.6416484,-0.053158482306338795,0.053158482306338795
0.2640962836450899,0.40960714,-0.1455108585649168,0.1455108585649168
0.4953172475730235,0.43850166,0.05681559151757304,0.05681559151757304
0.1633335671010207,0.07314106,0.09019250633146275,0.09019250633146275
0.4864733550910364,0.4592362,0.02723715046686037,0.02723715046686037
0.4869907679690829,0.48802128,-0.0010305163727292177,0.0010305163727292177
0.4390336786676494,0.38374338,0.055290303127869755,0.055290303127869755
0.209261913033368,0.29945377,-0.09019185212051689,0.09019185212051689
0.4165913649330128,0.3500324,0.06655897576904185,0.06655897576904185
0.1778239692109351,0.37656796,-0.19874399057452632,0.19874399057452632
0.3328727908173025,0.23442371,0.09844907892135979,0.09844907892135979
0.546568850159221,0.5489138,-0.0023449267153212716,0.0023449267153212716
0.5077836545117904,0.37178975,0.13599390107474818,0.13599390107474818
0.3775304904234056,0.5250497,-0.14751919600847918,0.14751919600847918
0.212532237346193,0.20536092,0.007171318109056163,0.007171318109056163
0.4825979520290323,0.37881547,0.1037824799030252,0.1037824799030252
0.3782302062830042,0.2885015,0.08972870519963017,0.08972870519963017
0.0,0.16104838,-0.16104838252067566,0.16104838252067566
0.5054383043860864,0.44946343,0.05597487731928341,0.05597487731928341
0.3709611943550512,0.48698276,-0.11602156845851691,0.11602156845851691
0.5754085413305121,0.560669,0.014739536413367338,0.014739536413367338
0.1924549135261992,0.19920312,-0.006748205155708453,0.006748205155708453
0.0,0.0713314,-0.07133139669895172,0.07133139669895172
0.4215139763908642,0.40869722,0.012816758687998586,0.012816758687998586
0.4235939461136622,0.49912077,-0.07552682577125602,0.07552682577125602
0.0932213953989246,0.12840267,-0.03518126985852932,0.03518126985852932
0.2119167423555656,0.267591,-0.05567425724770589,0.05567425724770589
0.8342029572866505,0.7036424,0.13056052936535534,0.13056052936535534
0.3240648976410327,0.3231942,0.0008706918800768793,0.0008706918800768793
0.4968264960627027,0.3705038,0.1263226830343671,0.1263226830343671
0.2665566954386027,0.257991,0.008565709329822813,0.008565709329822813
0.0266161835244738,0.2590703,-0.23245412349189887,0.23245412349189887
0.3466236255340157,0.53416544,-0.18754181645588297,0.18754181645588297
0.3307325732856492,0.31345186,0.0172807169109086,0.0172807169109086
0.3083536268886048,0.33427396,-0.025920337278036443,0.025920337278036443
0.3558931940822679,0.49430382,-0.13841062843512714,0.13841062843512714
0.4190447119409395,0.53298646,-0.11394175017530195,0.11394175017530195
0.3499805081243656,0.22997418,0.1200063276643894,0.1200063276643894
0.164332305342106,0.29438645,-0.13005414113387667,0.13005414113387667
0.4560307985936565,0.2938496,0.16218121115316575,0.16218121115316575
0.0501047074462628,0.17953704,-0.12943233552916292,0.12943233552916292
0.0332737571192999,0.34422544,-0.310951679329751,0.310951679329751
0.498196749116928,0.40729773,0.0908990186710662,0.0908990186710662
0.4595033786892262,0.38343176,0.07607161623233227,0.07607161623233227
0.365434105820994,0.3752893,-0.009855185322423354,0.009855185322423354
0.142425249207488,0.19939923,-0.05697398365689188,0.05697398365689188
0.2570148432209874,0.2514228,0.005592050547876426,0.005592050547876426
0.3312088753855826,0.34808746,-0.016878584417044984,0.016878584417044984
0.1090176719043144,0.26257455,-0.15355688158537067,0.15355688158537067
0.2518285569961278,0.21177709,0.04005146596982162,0.04005146596982162
0.4837217230294467,0.57025135,-0.08652962260501373,0.08652962260501373
0.6128842273815361,0.70098835,-0.08810412491720043,0.08810412491720043
0.3050942078902415,0.26285127,0.04224293983718669,0.04224293983718669
0.5010813923860165,0.3274066,0.17367480716949424,0.17367480716949424
0.0559899882354221,0.12721862,-0.07122863075356868,0.07122863075356868
0.4849085401856019,0.5137687,-0.028860132757513313,0.028860132757513313
0.2410085975454198,0.2510303,-0.010021698541845203,0.010021698541845203
0.4262242694513284,0.3774445,0.04877976375980009,0.04877976375980009
0.3337079302933817,0.4713595,-0.1376515610548849,0.1376515610548849
0.5950690016306391,0.5759128,0.01915622802147776,0.01915622802147776
0.2292607252766803,0.27221283,-0.04295210788944215,0.04295210788944215
0.4796010495936386,0.31626347,0.16333758252019803,0.16333758252019803
0.3284154227839111,0.35771507,-0.02929964746373903,0.02929964746373903
0.348615753665056,0.27474585,0.07386990190991377,0.07386990190991377
0.344357684473465,0.50778556,-0.16342787422709654,0.16342787422709654
0.2340544825843145,0.26000458,-0.025950097436590047,0.025950097436590047
0.3726501723488881,0.46581224,-0.09316206372174485,0.09316206372174485
0.3645586296463631,0.3390783,0.025480322494568663,0.025480322494568663
0.4152067080677882,0.45408893,-0.03888221824751942,0.03888221824751942
0.3890841909488104,0.28114656,0.1079376348098181,0.1079376348098181
0.5079990916020395,0.550653,-0.04265388920240387,0.04265388920240387
0.5289181026745615,0.40080887,0.1281092318821726,0.1281092318821726
0.1998961130286998,0.22457664,-0.02468052412015731,0.02468052412015731
0.5197954167651285,0.4965743,0.02322110431662694,0.02322110431662694
0.1772772621483576,0.22089642,-0.043619160714649,0.043619160714649
0.4729759813562891,0.54667085,-0.07369487273535519,0.07369487273535519
0.4782897974504781,0.4928683,-0.014578506802146396,0.014578506802146396
0.0564471847229159,0.20429793,-0.14785074527929662,0.14785074527929662
0.390496541088235,0.39094797,-0.0004514266794804489,0.0004514266794804489
0.2969173144399474,0.3467298,-0.049812470763986316,0.049812470763986316
0.2485391236774375,0.23282222,0.01571689917964239,0.01571689917964239
0.6001420551165011,0.4272665,0.17287554677566552,0.17287554677566552
0.2660534765604302,0.40265286,-0.13659938312737496,0.13659938312737496
0.2406038451469916,0.1989265,0.04167735162148653,0.04167735162148653
0.3876158233341822,0.4767385,-0.08912268918183952,0.08912268918183952
0.4892649577164027,0.3615752,0.12768977146380872,0.12768977146380872
0.3513919023316455,0.27160767,0.07978423512392763,0.07978423512392763
0.5693950909448754,0.65450615,-0.085111055962931,0.085111055962931
0.4634959436606818,0.4261017,0.03739422928804692,0.03739422928804692
0.0119647800447615,0.1689666,-0.1570018262145845,0.1570018262145845
0.2867555060821654,0.36818987,-0.08143436522902237,0.08143436522902237
0.2813596501080502,0.16340414,0.11795551321191677,0.11795551321191677
0.454893492238237,0.5019296,-0.047036088927076725,0.047036088927076725
0.0,0.23470047,-0.23470047116279602,0.23470047116279602
0.7998349514529537,0.6306025,0.16923247247193562,0.16923247247193562
0.463504349149035,0.36877236,0.09473199144677974,0.09473199144677974
0.3998128006529485,0.36210766,0.03770513630625355,0.03770513630625355
0.5719279527365244,0.34098312,0.23094483014932043,0.23094483014932043
0.7656090088021041,0.48355073,0.282058281434703,0.282058281434703
0.5201244407647339,0.58872306,-0.06859862270419925,0.06859862270419925
0.5331355160786034,0.41430983,0.11882568660510795,0.11882568660510795
0.3967816707440637,0.36364737,0.03313429921353084,0.03313429921353084
0.351412374438842,0.3444496,0.006962764920790843,0.006962764920790843
0.2957007593325165,0.4941114,-0.19841062958922118,0.19841062958922118
0.2373146680475763,0.26110655,-0.023791882645935652,0.023791882645935652
0.2604976500500838,0.4046801,-0.14418245301349958,0.14418245301349958
0.1499073392761695,0.35314196,-0.20323462420573357,0.20323462420573357
0.3623547582191628,0.35279956,0.009555193619171953,0.009555193619171953
0.0942220704622688,0.19027276,-0.09605069290919879,0.09605069290919879
0.4068194206906185,0.35154825,0.05527116620071981,0.05527116620071981
0.3689448986596096,0.3446093,0.02433560829820519,0.02433560829820519
0.3994892163977813,0.40872598,-0.009236760546188438,0.009236760546188438
0.2879780716633346,0.33242336,-0.044445287492320296,0.044445287492320296
0.8878100616967506,0.7405108,0.14729924035428232,0.14729924035428232
0.6016859833633855,0.5512499,0.05043606204151663,0.05043606204151663
0.1675762499858795,0.23877719,-0.07120094046097414,0.07120094046097414
0.4138113479044831,0.44219217,-0.028380819139202818,0.028380819139202818
0.2736656428437795,0.3025813,-0.02891566742843732,0.02891566742843732
0.2059200455487643,0.40947464,-0.2035545955359067,0.2035545955359067
0.1516546548126775,0.2879547,-0.13630003325952708,0.13630003325952708
0.4470361151265424,0.47211826,-0.025082143349714925,0.025082143349714925
0.2614366274884043,0.36676177,-0.10532514633628748,0.10532514633628748
0.536304337337534,0.5165717,0.01973263676456649,0.01973263676456649
0.5406303690884066,0.34132808,0.199302284619565,0.199302284619565
0.603985730868575,0.36798164,0.23600408838391007,0.23600408838391007
0.2329355389876494,0.294974,-0.062038460274206675,0.062038460274206675
0.4542276017820017,0.30669934,0.14752826620689796,0.14752826620689796
0.4804090361070502,0.46290466,0.01750437421320561,0.01750437421320561
0.2959703041493392,0.40309948,-0.10712917314176795,0.10712917314176795
0.2463713404345208,0.42299438,-0.17662303479436103,0.17662303479436103
0.6432534442959955,0.5266859,0.1165675507603815,0.1165675507603815
0.4129159792886756,0.4881135,-0.07519751343860404,0.07519751343860404
0.480994625118623,0.36655566,0.11443896415556454,0.11443896415556454
0.2379873313620121,0.26098296,-0.02299562910055808,0.02299562910055808
0.171785922246301,0.121634975,0.050150947170579246,0.050150947170579246
0.2800917042513149,0.40054485,-0.12045314776704141,0.12045314776704141
0.3543297687683339,0.3484308,0.005898956409477685,0.005898956409477685
0.1976299988637752,0.23422621,-0.03659621304170424,0.03659621304170424
0.3733591985582696,0.42991546,-0.05655625940567388,0.05655625940567388
0.09358246865525,0.29794216,-0.2043596929048086,0.2043596929048086
0.1883254295883547,0.16469954,0.023625890046156506,0.023625890046156506
0.4868185413794792,0.41480622,0.07201232442429428,0.07201232442429428
0.475631753379649,0.36019427,0.11543748753721128,0.11543748753721128
0.3096872057688555,0.35451418,-0.04482697584506662,0.04482697584506662
0.2053726151538412,0.33316007,-0.12778745741123754,0.12778745741123754
0.2037660747456648,0.25737813,-0.05361205640553454,0.05361205640553454
0.3127886256764477,0.29079875,0.021989872176462977,0.021989872176462977
0.4824197486075486,0.4190506,0.06336914450255288,0.06336914450255288
0.5297076152240542,0.40799806,0.12170956000440392,0.12170956000440392
0.2922447107530052,0.4109985,-0.11875378267999348,0.11875378267999348
0.1827512623358693,0.34420848,-0.161457216591743,0.161457216591743
0.4196406063110556,0.3402073,0.0794332977802481,0.0794332977802481
0.2377441715623584,0.20158038,0.03616379612939025,0.03616379612939025
0.2886245601897996,0.2797038,0.008920764279918003,0.008920764279918003
0.595879348406173,0.6080694,-0.012190071454666884,0.012190071454666884
0.512852571427628,0.53738016,-0.02452758747358663,0.02452758747358663
0.4013290520419086,0.41720143,-0.0158723775635754,0.0158723775635754
0.1630134998145462,0.15756384,0.005449664432084639,0.005449664432084639
0.4102327612451099,0.29034868,0.11988408241782411,0.11988408241782411
0.5521095484645878,0.49848425,0.053625294581226,0.053625294581226
0.3123943890390774,0.3876339,-0.07523950087448156,0.07523950087448156
0.6001856816644526,0.51851267,0.08167301543901928,0.08167301543901928
0.5904575482530345,0.62104046,-0.030582915194536264,0.030582915194536264
0.6522888053572458,0.6074023,0.04488648068073209,0.04488648068073209
0.4258738544218922,0.3600601,0.06581375863484384,0.06581375863484384
0.4728986166343354,0.3294806,0.1434180281982087,0.1434180281982087
0.6106978813885151,0.5174432,0.09325470130428659,0.09325470130428659
0.4495656561781626,0.5642134,-0.1146477389405508,0.1146477389405508
0.2914609820349646,0.38819903,-0.0967380493180322,0.0967380493180322
0.3002428605786897,0.31546378,-0.015220920778121816,0.015220920778121816
0.4147591589622899,0.44574803,-0.030988872177083904,0.030988872177083904
0.1599064296756301,0.20185521,-0.04194878277439737,0.04194878277439737
0.3511235141059678,0.339839,0.011284502675227459,0.011284502675227459
0.5577578530383757,0.40284935,0.1549085066390684,0.1549085066390684
0.0097910248057864,0.16273694,-0.1529459125978925,0.1529459125978925
0.6307470169657526,0.503836,0.12691104084194282,0.12691104084194282
0.5620623697838599,0.34651673,0.21554564138267585,0.21554564138267585
0.2983725640282539,0.25366497,0.04470759363030469,0.04470759363030469
0.4655651379786349,0.45638114,0.009183995839200099,0.009183995839200099
0.3755246211510544,0.36102784,0.014496784351432812,0.014496784351432812
0.5799983947397805,0.47659996,0.10339843322053921,0.10339843322053921
0.5387805237949902,0.49159145,0.0471890702427441,0.0471890702427441
0.1416548794694984,0.25433153,-0.11267664967097402,0.11267664967097402
0.4728770689106961,0.36472762,0.10814945260057646,0.10814945260057646
0.3407286910594588,0.5063213,-0.16559261993755048,0.16559261993755048
0.3888054284196833,0.31084022,0.07796520916042121,0.07796520916042121
0.2536380165050307,0.23567231,0.017965706510333135,0.017965706510333135
0.6663561781868059,0.6246036,0.04175254907456227,0.04175254907456227
0.5483436366504293,0.46022752,0.08811611737667135,0.08811611737667135
0.2517048060045054,0.3243567,-0.07265189894582724,0.07265189894582724
0.1525648988482946,0.16425304,-0.011688142299891124,0.011688142299891124
0.3107212281703587,0.2829714,0.02774981622692302,0.02774981622692302
0.4474171076818843,0.5372542,-0.08983710660491989,0.08983710660491989
0.4150343073243705,0.37116393,0.0438703728551475,0.0438703728551475
0.5838554707947073,0.54568267,0.03817280210879426,0.03817280210879426
0.5066532870301421,0.4640187,0.042634584523123076,0.042634584523123076
0.5365948376254844,0.5715426,-0.03494778303339008,0.03494778303339008
0.4294759001017396,0.22638164,0.2030942554951493,0.2030942554951493
0.1434502116315016,0.11808079,0.025369424270833413,0.025369424270833413
0.3423835781421831,0.3473984,-0.00501482216451854,0.00501482216451854
0.551681623318111,0.6155345,-0.0638528610683331,0.0638528610683331
0.3664128452458923,0.4290179,-0.06260505617470097,0.06260505617470097
0.4588483947706245,0.42998815,0.02886024894237743,0.02886024894237743
0.3218752807923112,0.36745656,-0.04558127457420491,0.04558127457420491
0.2033646919096925,0.1293027,0.07406199651613019,0.07406199651613019
0.3544426559923149,0.32979706,0.024645596694753247,0.024645596694753247
0.426507907172109,0.3214089,0.10509900953378809,0.10509900953378809
0.2657187134230927,0.26343858,0.0022801310027436017,0.0022801310027436017
0.3357147925238886,0.5151886,-0.179473782267066,0.179473782267066
0.2184227930023362,0.30435988,-0.08593709006765587,0.08593709006765587
0.561540819594016,0.40132663,0.16021419305478568,0.16021419305478568
0.3259240404019943,0.35136855,-0.025444506083906582,0.025444506083906582
0.6171259241876972,0.46607813,0.15104779179672123,0.15104779179672123
0.6297913084234847,0.5258154,0.10397588112017053,0.10397588112017053
0.3614923392130427,0.45533347,-0.09384113208517508,0.09384113208517508
0.2069252112421084,0.25865722,-0.05173200578364845,0.05173200578364845
0.0273503537111104,0.10425306,-0.07690270740463133,0.07690270740463133
0.129660487828868,0.27049738,-0.1408368938582963,0.1408368938582963
0.1460275291835566,0.25244474,-0.10641721492655082,0.10641721492655082
0.6047449379102509,0.58029914,0.02444579888742371,0.02444579888742371
0.3943040978711577,0.34419093,0.05011317251143177,0.05011317251143177
0.4399340873486647,0.45379543,-0.013861345695768912,0.013861345695768912
0.0049298318441456,0.12759113,-0.12266130127353018,0.12266130127353018
0.1753389284637898,0.13090017,0.044438754084441034,0.044438754084441034
0.5228466294077145,0.44217825,0.08066838004858368,0.08066838004858368
0.4227956853970978,0.43667132,-0.013875631226589968,0.013875631226589968
0.3504657868857338,0.41960135,-0.06913556413698652,0.06913556413698652
0.4691403931000205,0.52746654,-0.058326142468216824,0.058326142468216824
0.6476329676893025,0.6599286,-0.012295652172300331,0.012295652172300331
0.3381595894104916,0.24855338,0.08960620904035155,0.08960620904035155
0.386561633776345,0.26989976,0.11666187806002115,0.11666187806002115
0.4070994864552175,0.24240953,0.16468995915342916,0.16468995915342916
0.7736849392123322,0.6919745,0.0817104185290436,0.0817104185290436
0.0251072892634957,0.3364362,-0.31132892279934,0.31132892279934
0.4888705024648013,0.30643067,0.1824398348260226,0.1824398348260226
0.3558662918734894,0.34376568,0.012100615851913465,0.012100615851913465
0.46946195436403,0.4646154,0.004846549758164509,0.004846549758164509
0.2654379076675459,0.3146807,-0.04924278786620656,0.04924278786620656
0.3668391615235916,0.29023364,0.07660551966072232,0.07660551966072232
0.4935684299109159,0.52853835,-0.034969916379672505,0.034969916379672505
0.8938183668406403,0.6477703,0.24604808123425603,0.24604808123425603
0.5096726982336787,0.41193855,0.09773415014560494,0.09773415014560494
0.2336557336615819,0.18159793,0.05205780048840228,0.05205780048840228
